{
  "radii": [
    8.722,
    17.444,
    21.843,
    15.985,
    19.272,
    8.627,
    13.039,
    22.508
  ],
  "z_increment": 18.70438936068437,
  "seed_count": 133,
  "random_seed": 4050,
  "extrusion_multiplier": -0.011,
  "scale_x": 0.5,
  "scale_y": 0.5,
  "circle_resolution": 120,
  "bbox_padding": 4.0,
  "line_tolerance": 0.001,
  "z_levels": [
    0.0,
    18.70438936068437,
    28.138075304005923,
    39.17807530400592,
    46.22706955172084,
    57.26706955172084,
    66.728634085009,
    77.76863408500901
  ]
}