{
  "radii": [
    15.108,
    15.567,
    31.134,
    19.134,
    15.409,
    17.249,
    22.514,
    18.677
  ],
  "z_increment": 21.428571428571427,
  "seed_count": 66,
  "random_seed": 4096,
  "extrusion_multiplier": 0.054,
  "scale_x": 0.5,
  "scale_y": 0.5,
  "circle_resolution": 120,
  "bbox_padding": 4.0,
  "line_tolerance": 0.001,
  "z_levels": [
    0.0,
    0.9843286765138867,
    34.36786790808619,
    38.76786790808619,
    43.16786790808619,
    47.113760641823774,
    51.51376064182377,
    55.91376064182377
  ]
}